"Fecha del comentario","Nombre del cliente","Número de reserva","Título del comentario","Comentario positivo","Comentario negativo","Puntuación del comentario","Personal","Limpieza","Ubicación","Instalaciones y servicios","Confort","Relación calidad-precio","Respuesta del alojamiento"
"2024-05-06 21:09:35","fernandez lopez","4899906424","","","","10","10.0","10.0","10.0","10.0","10.0","10.0",""
"2024-05-10 15:55:49","Maria del rocio","4802280354","Excelente ","Lo acogedor que es y el personal tan amable que hay ","Afortunadamente me gustó todo","10","10.0","10.0","10.0","10.0","10.0","10.0","Muchas gracias por tu comentario,nos ayuda a crecer y mejorar. Esperamos volver a verte pronto!"
"2024-05-30 13:37:05","Belén","4806108280","Estancia muy cómoda y agradable","Limpio y muy nuevo todos","","9","7.5","10.0","7.5","7.5","7.5","7.5","Muchas gracias por tu comentario y valoración que nos ayudará a mejorar. ¡Esperamos que vuelvas pronto!"
"2024-06-02 14:13:59","Iaremco","4430410977",""," Це найкращі апартаменти в місті Херес Дуже чисто та просторо.Гарне розташування,привітні господарі.Найвищий рівень,","","10","10.0","10.0","10.0","10.0","10.0","10.0","Щиро дякую за коментар і оцінку.  Ми сподіваємося, що ви скоро повернетесь і гарно проведете подорож."
"2024-06-17 18:55:00","José","4529569931","Un Loft con mucho encanto.","Generalmente todos los Detalles ","Por decir algo!para llegar… el GPS no te ayuda por los cortes que hay en la zona.","10","7.5","10.0","7.5","10.0","10.0","10.0","Muchas gracias por sus comentarios y calificaciones que nos ayudan a mejorar, esperamos volver a verle pronto."
"2024-06-27 18:27:54","Ciuca","4890040283","Volveré ","Muy limpio y todo estupendo Fue la segunda vez y volveré","","10","10.0","10.0","7.5","10.0","10.0","10.0","Te agradecemos mucho tus valoraciones y comentarios, Ramona. Y esperamos vuestra vuelta para seguir ofreciéndoos toda la calidad y servicio que os merecéis, para que disfrutéis una feliz y agradable estancia en Jerez. ¡Muchas gracias!"
"2024-06-30 23:31:30","ENRIQUE","4580296088","","La anfitriona estuvo disponible en todo momento y atendió nuestras peticiones con agilidad. Incluso nos permitió entrar antes del horario establecido. El apartamento estaba muy limpio, era acogedor y no le faltaba detalle. Además,  ibamos a un evento cerca de las grandes bodegas y el apartamento está realmente cerca.","Tiene un tragaluz cercano a las camas que, aunque da mucha claridad durante el día, deja entrar demasiada claridad desde el amanecer y te puede desvelar.","9","10.0","10.0","7.5","10.0","10.0","10.0","Buenas Enrique, (RESUELTO). Gracias por tu comentario y valoración. Respecto a lo del tragaluz estamos buscando como darle una pronta solución. HEMOS INSTALADO UNA PERSIANA QUE SE CIERRA AUTOMÁTICAMENTE PARA EVITAR EL EXCESO DE LUZ.¡Muchas gracias y esperamos volver a veros pronto!"
"2024-07-19 00:49:26","Josemy","4471237525","","","","8","10.0","7.5","10.0","5.0","10.0","10.0",""
"2024-07-19 12:10:40","Salvador","4739901350","Excelente","Básicamente todo, realmente es un apartamento excelente. Para repetir seguro. Tranquilo, amplio y muy limpio.","De forma general no tiene nada que no nos gustase. Solo el tragaluz, pero que tampoco fue un problema o que no nos gustase.","10","10.0","10.0","10.0","10.0","10.0","10.0","Muy buenas Salvador,muchas gracias por tu valoración y comentarios,nos da fuerza para saber que vamos bien y que tenemos la confianza de los clientes que eligen nuestros alojamientos para su estancia en Jerez.Lo del tragaluz estamos buscando la forma de solucionarlo y de hecho lo vamos a solucionar.(SOLUCIONADO) HEMOS INSTALADO UNA PERSIANA AUTOMÁTICA PARA REGULAR LA ENTRADA DE LUZ.Deseamos volver a veros pronto y una vez más muchísimas gracias por vuestra valoración, comentario y la confianza puesta en nosotros."
"2024-07-21 15:54:32","Luis","4815009572"," Excelente!!!! Típico e moderno !","Tudoooooo! Tal como Oásis nos confins do deserto !Lindo, novo , requintado, cuidado, a proprietária Simples e fantástica, prestável... Tudo Maravilhoso!!!","De não ter tempo para desfrutar ","10","10.0","10.0","10.0","10.0","10.0","10.0","Boa tarde Luís,Muito obrigado pelos seus comentários e avaliação.  Esperamos que regresse em breve com mais tempo para desfrutar. Em cada 10 vocês são todos os clientes que optaram por nos confiar a vossa estadia em Jerez, com clientes como este o nosso trabalho é muito fácil. Muito obrigado e boa viagem."
"2024-07-22 00:05:23","Nadia","4412513943","","Bel appartement bien équipé, emplacement pratique pour visiter la ville ancienne, propriétaire sympathique et aidant. Nous avons eu la chance de trouver une place de parking devant le logement. Ceci est possible seulement le week-end. Les autres jours il faut trouver des places ailleurs dans la ville. Le propriétaire est de bon conseil pour cela. ","","10","10.0","10.0","10.0","10.0","10.0","10.0","Bonne Nadia,Merci beaucoup pour votre évaluation et vos commentaires.Nous espérons que vous reviendrez bientôt car vous avez été des gens charmants, très polis et bons."
"2024-07-22 11:40:30","Manuel","4744696779","","La verdad es que nos sorprendimos mi pareja y yo. Nos ha encantado, todo super limpio y muy nuevo. Aparcamiento en la puerta, a un paso del corazón de la ciudad. Muchos detalles que no hay en otros apartamentos. Sin lugar a dudas, será un referente para nosotros, repetiremos. ","Si hay que poner un 'pero', lo único que añadiría es una percha en el Baño para colgar las toallas. Por lo demás, nada que objetar. ","10","7.5","10.0","10.0","10.0","10.0","10.0","Buenas Manuel,nos congratula saber que el apartamento fue de vuestro agrado y disfrutasteis de vuestra estancia en Jerez.Deseamos que vuelvan pronto.Muchas gracias por vuestros comentarios y valoración."
"2024-07-27 23:44:44","Robert Dumitru","4477813852","Estupenda","El confort de la estancia y la atención","Es algo dificil de encontrar usando el gps","8","10.0","10.0","7.5","10.0","10.0","10.0","Buenas Robert, muchas gracias por vuestro comentario y valoración.Lamentamos que unas obras en las proximidades hagan que el tramo final vuelva loco a Google Maps, hemos informado a Google de esta incidencia.Deseamos que vuelvan pronto!"
"2024-07-29 07:22:35","MARIANGELES","4370426039","","","","10","10.0","10.0","5.0","10.0","10.0","10.0",""
"2024-07-29 17:39:42","Barbara","4777904510","","","","8","10.0","10.0","7.5","10.0","10.0","10.0",""
"2024-07-31 00:08:35","José Roque","4520075043","Agradable","La comodidad de la habitación y la atención agradable y servicial en todo momento.","","9","10.0","10.0","10.0","10.0","10.0","10.0","Buenas José,gracias por su valoración y comentario.Esperamos que vuelvan pronto."
"2024-07-31 11:40:47","Sergio","4684206466","","","","10","10.0","10.0","10.0","10.0","10.0","10.0",""
"2024-08-06 03:59:39","Maria Esther","4407490883","","Todo excelente. No faltaba un detalle. Super limpio. Impresionante ","","10","10.0","10.0","10.0","10.0","10.0","10.0","Buenos días María Esther,Gracias por tu valoración y comentario.Trabajamos duro para que nuestros alojamientos sean mucho más de lo que se espera.Esperamos vuelvan pronto." 
"2024-08-09 14:01:07","Rivera","4591963754","","Muy completo, limpio y todo super nuevo. A parte, el buen trato y los detalles que tuvieron con nosotros.","","10","10.0","10.0","10.0","10.0","10.0","10.0","Buenas Marta,Gracias por tus comentarios y valoración, vuestra satisfacción es nuestro orgullo.Esperamos que volváis pronto y mil gracias por todo."
"2024-08-11 19:01:00","Elena","4973817128","","","","8","7.5","10.0","10.0","7.5","10.0","10.0",""
"2024-08-11 19:51:27","Iluminada","4415319580","Insuperable!!!… volveré ","Todo muy limpio, muy nuevo y muy cuidado, inmejorable ","Nada","10","10.0","10.0","10.0","10.0","10.0","10.0","Buenas tardes Iluminada,muchas gracias por tu valoración y comentarios esperamos que vuelvas pronto."
"2024-08-14 23:49:34","Davide","4949907196","","","","9","10.0","10.0","10.0","7.5","10.0","7.5",""
"2024-08-15 21:40:54","Jose Antonio","4411432620","Bonito, equipado y bien situado","Apartamento moderno, decorado con estilo, cómodo, bien situado y equipado.","Por decir algo, el lavabo es muy pequeño y se salpica fuera el agua.","9","7.5","10.0","7.5","10.0","7.5","7.5","Buenas José Antonio,Agradecemos mucho sus comentarios y valoraciones,nos ayudan a mejorar y seguir avanzando.Esperamos que disfrutaran de su estancia y que vuelvan pronto."
"2024-08-16 18:35:09","Inmaculada","4476918271","","No falto ningun detalle cosa que en otros apartamentos mas caro no tienen esos detalles,sin duda espero volver","Todo perfecto ,rutas por el casco antiguo aunque algunas calles eran un laberinto ","10","10.0","10.0","7.5","10.0","10.0","10.0","Buenas Inmaculada,sin duda estamos deseando volver a veros por aquí.Os agradecemos vuestros comentarios y valoraciones."
"2024-08-17 11:52:06","teresa","4479161669","","Limpio, ordenado, muy buena nitoy bien comunicado. El personal muy amable. ","Faltan perchas en la ducha para las toallas por decir algo. ","8","7.5","10.0","10.0","7.5","10.0","7.5","Buenas Teresa,agradecemos tus valoraciones y comentarios.Trabajaremos duro para mejorar los aspectos dónde has considerado que podemos mejorar."
"2024-08-19 01:10:52","Oleksii","4684678975","","","","10","10.0","10.0","10.0","10.0","10.0","10.0",""
"2024-08-19 19:19:38","David","4825230142","Apartamento de 10 para una pareja","Un apartamento enorme con todo lo necesario, bien reformado, útil y práctico. Nos encantó sobre todo lo cerca que estaba de todo el barrio céntrico de la ciudad y de la catedral. Muy recomendable.","","10","10.0","10.0","10.0","10.0","10.0","10.0","Buenas David,muchas gracias por vuestro comentario y valoraciones.Esperamos que volváis pronto, estaremos encantados de atenderos."
"2024-08-24 02:02:28","Carlos","4306463582","","Tudo","Nada","9","10.0","10.0","7.5","10.0","10.0","10.0","Buenas Carlos,Muchas gracias por vuestras valoraciones y comentarios.Esperamos volver a veros pronto."
"2024-08-25 01:14:36","Manuel","4877988526","","","Como ya comentamos en otra reseña anterior de otra reserva, seguimos echando en falta en el baño unas oerchas","8","5.0","10.0","10.0","7.5","10.0","10.0","Buenas Manuel,Gracias por tu valoración y comentarios.La percha de los baños es la especie de escalera de bambú que hay, dónde están puestas las toallas.Luego no entiendo el 5 al personal,estamos aquí para lo que necesitéis, siempre que nos lo haga saber.Esperamos que volváis pronto.Muchas gracias."
"2024-09-03 15:26:26","Inês","4600527835","","","","10","10.0","10.0","10.0","10.0","10.0","10.0",""
"2024-09-14 17:39:02","LUIS","4442904921","","El lugar está relativamente cerca del centro Se puede aparcar cerca sin coste","","8","0.0","7.5","5.0","7.5","7.5","5.0","Agradecemos su comentario y valoraciones "
"2024-09-15 21:01:39","Ãngel","4334335995","","","","10","7.5","10.0","7.5","10.0","7.5","10.0",""
"2024-09-15 23:26:14","Rosanna Ivonne","4329853943","Un apartamento tipo estudio genial y muy bien equipado.","El alojamiento está estupendo! Muy acogedor y limpio. Está muy bien equipado con todo lo necesario. El personal súper atento y responden rápidamente a las dudas que puedas tener. Nos han dejado una bonita bienvenida. Estaremos encantados de volver!","","10","10.0","10.0","10.0","10.0","10.0","10.0","Muchas gracias Rosanna por tus comentarios y valoraciones.Estaremos encantados de volver a atenderos y proporcionaros todo lo que necesitéis empezando por una hogareña estancia."
"2024-09-23 08:10:19","Francis Villegas","4602071599","Tranquila y con buenos ascenso para salir de Jerez visitar la zona","Todo bien en general , el apartamento estaba muy limpio y la señora amable, siempre pendiente si nos faltaba algo","El apartamento perfecto, nos gustó todo","10","10.0","10.0","10.0","10.0","10.0","10.0","Buenas Francisco Javier,Muchas gracias por vuestros comentarios y valoraciones.Estaremos encantados de volver a veros y daros las instalaciones y servicios que merecéis."
"2024-09-23 21:03:47","jacky","4789839671","Très bon choix pour Jerez","Appartement très propre, proche du centre.Indication fournie très complète pour arriver à l appartement. Merci pour les bouteilles qui sont à disposition et très bonne. ","Rien de spécial, seulement difficulté pour trouver une place de parking. ","9","10.0","10.0","7.5","7.5","10.0","10.0","Bon Jacky ,Nous apprécions beaucoup vos commentaires et évaluations.Nous espérons que vous reviendrez bientôt à Jerez, que vous nous ferez à nouveau confiance et que vous nous choisirez comme hébergement.Merci beaucoup encore une fois."
"2024-09-27 22:13:22","María Del Carmen","4541123761","PERFECTO","absolutamente todo. la ubicación, lo acogedor que es. Todo está nuevo y cuidado. Mos dejaron unos vinos de cortesía que es un detallazo. La cama comodisima y la cocina tiene de todo.sin duda que repetiría ","nada","10","10.0","10.0","10.0","10.0","10.0","10.0","Muchas gracias María del Carmen,nos encantaría volver a veros pronto por aquí y que os volvamos a poder dar todo lo que os merecéis.Muchas gracias."
"2024-09-28 21:10:20","francisca Fuensanta","4579874506","","El apartamento tiene. Mucho encanto.  Perfectamente dotado .Decoración muy actuales. Los detalles del dueño   muy buenos: el vino , las chuches  ,el agua fresca en el frigo... El hecho de procurar cápsulas para la cafetera ,infusiones , colacao nos facilitó el desayuno ","","10","10.0","10.0","7.5","10.0","10.0","10.0","Buenas Francisca,muchas gracias por su valoración y comentarios que nos dan fuerza para seguir adelante y mejorar"
"2024-09-28 21:18:06","Jonay","4310057113","","Todo está genial y adecuado para disfrutar y desconectar.  Lo recomiendo.","","9","7.5","7.5","7.5","7.5","7.5","7.5","Muchas gracias Jonay,su comentario y valoraciones nos ayuda a mejorar"
"2024-09-29 22:28:56","Marta","4776431370","","muy amplio y luminoso. las camas comodísimas. todo nuevo y con welcome.drink","todo excelente","9","7.5","10.0","7.5","10.0","10.0","10.0","Muchas gracias Marta,Deseamos que vuelvan pronto y vuelvan a confiar en nosotros para vuestra estancia en Jerez."
"2024-09-29 23:15:00","Lopez Serrano","4937298571","Supero mis expectativas con creces","No soy de poner reseñas pero este establecimiento lo merece.En primer lugar, queria destacar la atención del personal, ha sido perfecto desde el minuto uno, trato inmejorable.En segundo lugar pero no menos destacable, la limpieza, nos han hecho sentir como en casa.El apartamento está nuevo y decorado con gusto, todos los detalles que incluye son los que marcan la diferencia.No sé si alguna vez volveré a Jerez, pero si vuelvo no duraré en escoger de nuevo este apartamento.","Todo me gustó ","10","10.0","10.0","10.0","10.0","10.0","10.0","Buenas Lucía,Muchas gracias por su comentario y valoración y si vuelve a Jerez estaremos encantados de atenderos." 
"2024-10-06 22:06:31","Orta Sanchez","4904700670","","","","10","10.0","10.0","10.0","10.0","10.0","10.0",""
"2024-10-12 20:49:50","Bernd","4796905820","wunderbar stilvoll gestaltetes Studio an der Altstadt - toll!","Ich hatte dort das erste (von 3) Apartments und das war wunderschön (es ist auch klar das schönste der 3)! Es ist absolut stilvoll ausgestattet und wirklich groß! Es handelt sich aber um einen Raum (Küche/Wohnbereich/Schlafbereich) mit einem schönen  Bad - also um ein Studio. Vor dem Studio befindet sich ein kleiner Tisch in einem schönen, ruhigen Hof, der zu allen 3 Apartments gehört. Alles wurde erst 2024 fertiggestellt und es ist absolut zentral aber dennoch vollkommen ruhig gelegen!Die Besitzer sind sehr, sehr freundlich.In der Nähe gibt es einen kostenfreiem Parkplatz.Zu den Bodegas und der Altstadt kommt man in wenigen Gehminuten.","(alles war toll!)","10","10.0","10.0","10.0","10.0","10.0","10.0","Hallo Bernd,vielen Dank für deine Kommentare und Bewertungen, wir würden uns freuen, dich bald wieder bei uns begrüßen zu dürfen, denn mit Kunden wie dir ist unsere Arbeit sehr einfach und angenehm."
"2024-10-14 08:44:02","MANUEL","4907462245","Todo muy nuevo. Ideal parejas para varios días. ","La limpieza, la atención de los anfitriones y el generoso detalle de bienvenida, el confort en general. ","Para aparcar hay que retirarse unos 150 metros del apartamento pero suele haber plazas libres. En la puerta del establecimiento también se puede aparcar pero es zona reservada a residentes. ","10","10.0","10.0","10.0","10.0","10.0","10.0","Buenas Manuel,muchas gracias por tus comentarios y valoraciones.Esperamos volver a veros pronto."
"2024-10-14 22:01:40","Marylou","4918462510","Propreté irréprochable, accueillant et bien placé ⭐️⭐️⭐️⭐️","Je pense sincèrement que c'est le meilleur logement dans lequel j'ai été reçu ces dernières années. L'appartement est impeccable, d'une propreté irréprochable. À mon arrivée, j'ai eu la surprise de trouver une bouteille de vin et des bonbons, un geste vraiment attentionné ! Le linge de lit sentait divinement bon, ce qui a ajouté une touche de confort supplémentaire. Je me suis sentie comme à la maison dès les premiers instants. Un grand merci aux hôtes pour cette expérience parfaite, je reviendrai sans hésiter !","Rien","10","10.0","10.0","10.0","10.0","10.0","10.0","Bonjour Marylou,merci beaucoup pour vos commentaires et notes, ils nous remplissent de fierté pour le travail bien fait, permettant à nos clients de se sentir chez eux.Nous serons heureux de vous accueillir à nouveau afin que votre expérience à Jerez atteigne un niveau supérieur.Merci beaucoup." 
"2024-10-18 18:49:07","Perez Soto","4741876323","Cercania","La ubicación es muy buena muy cerca del centro a 10 minutos a pie","","9","10.0","10.0","10.0","10.0","10.0","7.5","Buenas Javier,Gracias por su comentario y valoraciones."
"2024-10-20 21:02:47","Miguel Angel","4480606171","","","","10","10.0","10.0","10.0","10.0","10.0","10.0",""
"2024-10-21 10:44:23","Emilio","4392119135","Apartamento céntrico, muy limpio y acogedor en Jerez. Inmejorable.","Al llegar al apartamento nos llevamos una grata sorpresa por que teníamos algunos de talles de bienvenida como un par de botellitas de Fino, unas golosinas, todo perfecto.","","10","10.0","10.0","10.0","10.0","10.0","7.5","Buenas Emilio,Muchas gracias por vuestros comentarios y valoraciones,esperamos volver a veros pronto."
"2024-10-25 17:03:21","Maria Soledad","4555586809","","","","10","10.0","10.0","10.0","10.0","10.0","10.0",""
"2024-10-28 08:51:14","MDolores","4633102527","Tranquilidad ","Todo","Luz en mesillas noche , la prefiero más cercana, no techo, o que existan las dos posibilidades ","9","7.5","10.0","10.0","10.0","10.0","7.5","Buenas María Dolores,muchas gracias por vuestros comentarios y valoraciones."
"2024-11-05 09:25:50","jose luis","4446294415","Alojamiento muy agradable y recomendable","Cuando llegamos la dueña del apartamento nos dejó aparcar en la puerta y pudimos dejar el coche dos dias alli (sin moverlo, porque se llega a todos los sitios andando).   Nos regalaron como bienvenida dos botellas pequeñas de Jerez y agua.  El apartamento muy espacioso y limpio. La cama super comoda.  Casi nuevo todo.  Bonita decoracion.  Gracias por al atencion que recibimos!","Todo perfecto.","10","10.0","10.0","10.0","10.0","10.0","10.0","Buenas Jose Luis,os agradecemos y nos congratula vuestros comentarios y valoraciones.Esperamos que volváis pronto para volver a brindaros una experiencia de 10 y que disfrutéis de Jerez en su máximo esplendor "
"2024-11-11 08:19:50","Manuel","4943504420","","Nos  gusto  muchisimo todo .Nos  encanto  el  regalo  de  bienvenida.Apartamento  superlimpio , muy  bien equipado y comodo .Sin duda en  un futuro  intentaremos  volver","Nada , la  mala  suerte  de  coincidir  en  el  tiempo   con un monton de  obras  que  hace  dificil  acceder  en  coche  .","10","10.0","10.0","7.5","10.0","10.0","10.0","Buenas Manuel,te agradecemos vuestros comentarios y valoraciones y esperamos volver a veros pronto."
"2024-11-17 22:02:37","irene","4415047093","","Todo muy limpio, muy coqueto y muchos detalles de bienvenida. La verdad que lo recomiendo al 100%","","10","10.0","10.0","10.0","10.0","10.0","10.0","Buenas Irene,Muchas gracias por tu comentario y valoraciones.Estaremos encantados de que volváis pronto."
"2024-12-01 14:53:46","Cristina Asunción","4575495524","","El alojamiento en general, todo perfecto. Todo muy bien cuidado, nuevo y limpio. El trato de los dueños, excepcional, y sus detalles, todo un acierto. ¡Volveremos!. ","","10","10.0","10.0","10.0","10.0","10.0","10.0","Buenas Cristina,muchas gracias por todo, las valoraciones y comentario.Sois las clientas ideales , responsables,honradas y cuidadosas con el  alojamiento,estaremos encantados de volver a daros un alojamiento perfecto para que vuestra estadía y experiencias en Jerez sean sublimes.¡Qué tengáis muy buen día!"
"2024-12-09 00:40:48","Jaime","4659144860","","","","10","10.0","10.0","10.0","10.0","10.0","10.0",""
"2024-12-11 14:07:05","Estibaliz","4678419529","Alojamiento de 10","Recomendable 100%, limpieza, bonita decoración, buena ubicación, cama cómoda y los detalles del anfitrión. Todo perfecto.","Nada","10","10.0","10.0","10.0","10.0","10.0","10.0","Buenas Estíbaliz ,muchas gracias por su comentario y valoraciones, estaremos encantados de volver a atenderos"
"2024-12-16 08:47:02","Isabel","4532840331","","La amabilidad de María del Mar, la limpieza de los apartamentos y todos los detalles que tenían los alojamientos. Ha sido una estancia de 10.","Nada, estaba todo perfecto.","10","10.0","10.0","10.0","10.0","10.0","10.0","Buenas Isabel,muchas gracias por vuestros comentarios y valoraciones, y gracias por tu amabilidad y respeto por los apartamentos."
"2024-12-16 11:45:57","Andrea","4532801239","","","","10","10.0","10.0","7.5","10.0","10.0","7.5",""
"2024-12-22 22:36:45","Diego","4964737716","Fenomenal ","Muy buena ubicación, moderno y limpio. ","","10","10.0","10.0","10.0","10.0","10.0","10.0","Buenas Diego,muchas gracias por vuestro comentario y valoraciones."
"2025-01-01 17:44:08","Manuel","4301414533","Estancia increible.","Muy limpios y todo nuevo.todo lo necesario para una estancia superior.detalles de bienvenida botellas de vino,zapatillas ,chuches,agua cafe,te,azucar todo genial.labadora con detergente por si lo necesitas.muy buena ubicacion.bar cerca para desayunar.facil la comunicacion y la entrada.Mil gracias hemos estado genial.sera nuestra casa en jerez cuando volvamos.","","10","10.0","10.0","10.0","10.0","10.0","10.0","Buenas Manuel,muchas gracias por vuestros comentarios y valoraciones, esperamos que vuelvan pronto y disfruten de Jerez."
"2025-03-02 13:31:07","Piebe","4891857177","Sfeervol en schoon appartement.","Een prachtig schoon appartement.Ingericht met oog voor detail .Goede bedden.","Niets","10","10.0","10.0","10.0","10.0","10.0","10.0","Bedankt Piebe, voor je beoordelingen en commentaar, we hopen je snel weer te zien."
"2025-03-03 19:40:52","Leticia","4897681423","","Está bien ubicado, limpieza impecable. Todo nuevo y con mucho gusto, acogedor y moderno, repetiría sin duda. Fácil aparcamiento ","","9","10.0","10.0","10.0","10.0","7.5","10.0","Buenas Leticia,gracias por tu comentario y valoraciones, si repetís haremos que vuestra experiencia sea más confortable para que nos deis un 10 en ese aspecto."
"2025-03-12 10:52:37","Luca","4750892824","","Abbiamo soggiornato in questo appartamento e siamo rimasti molto soddisfatti. La posizione è ottima, a circa 8 minuti a piedi dalla cattedrale, il che permette di visitare comodamente la città. All'arrivo abbiamo avuto una piacevole sorpresa: due bottiglie di vino della cantina Tio Pepe, un gesto molto apprezzato. L'appartamento era pulito e ben tenuto, motivo per cui lo consiglio.","Unico aspetto negativo riguarda il cancello di accesso al terrazzo dove si trovano gli appartamenti: si apre solo con la chiave e, al momento del check-out, avendo lasciato la chiave all'interno dell'abitazione, ci siamo trovati bloccati. Per fortuna, c'erano altri turisti accanto a noi che avevano le chiavi, altrimenti non avremmo potuto uscire. Sarebbe utile mettere un cartello di avviso per evitare situazioni simili in futuro.","10","10.0","10.0","10.0","10.0","10.0","10.0","Ciao Luca, grazie mille per le tue valutazioni e commenti.  Per quanto riguarda il piccolo inconveniente chsegnalato hai perfettamente ragione e risolveremo installando un interruttre che permetta l'apertura della porta.Grazie mille, speriamo di rivedervi presto."
"2025-04-04 12:10:45","Pablo","4371941940","","","","10","10.0","10.0","10.0","10.0","10.0","10.0",""
"2025-04-09 17:45:03","Keith et Anne-Marie","4471801354","","Confortable bed, nice bathroom. Location was good as we had planned a visit and meal at Bodega Fundador, a 3 min. walking distance.","It rained a lot when we arrived. A doormat would be a good idea at the entrance.Please do not use (too much) chemical scent to perfume the apt. It can give headaches. The window overlooks the street.It wasn't easy to drive to the carpark. Please send the exact GPS/address location.","7","","10.0","7.5","7.5","10.0","5.0","Hello Keith and Anne-Marie, thank you very much for your comments and ratings. We're sorry the weather was so bad during your stay.You're right about the doormat, and we'll consider the air freshener. We hope you come back soon so we can improve your experience."
"2025-04-20 04:54:15","Gabriel","4777462266","Es fantástico ","La amabilidad de las personas y el tratamiento de como nos recibieron, estoy muy contento sin duda sería uno de los sitios donde vendría a pasar una noche de relax con tu pareja o amigo ","No tengo ninguna queja","10","10.0","10.0","10.0","10.0","10.0","10.0","Buenas Gabriel,muchas gracias por vuestros comentarios y valoraciones,estaremos encantados de volver a atenderos."
"2025-04-27 10:36:00","juan antonio","4458209154","Excelente ","Nos gustó todo todo ,el apartamento de lo mejor ,no le falta un detalle, un 10 en limpieza muy buena ubicación y sobre todo la atención de Ángel y su cuñada espectacular,lo recomiendo 100×100.","","10","10.0","10.0","10.0","10.0","10.0","10.0","Buenas Juan Antonio,gracias por tus palabras, por el comentario y por las valoraciones. Nuestra intención es ofrecerle a nuestros clientes un alojamiento y atención superior para que se sientan como en casa y solo se preocupen de disfrutar el momento.Estaremos encantados de volver atenderles cada vez que lo deseen."
"2025-04-27 21:03:55","Maria Angeles","4707901535","","Como explicarlo para no quedarme corta... un 10 se le queda poca nota para darle a este lugar tan increiblemente bonito, cuidado al mas minimo detalle, es que no hay nada que se le pueda poner un pero o decir que tengan que mejorar. El mejor apartamento sin duda en el que me alojado nunca y el trato del propietario tambien un 10 se le queda corta para darle de nota. INCREIBLE","NADA","10","10.0","10.0","10.0","10.0","10.0","10.0","Buenas María Ángeles,gracias a vosotros por vuestro comentario y valoraciones, estaremos encantados de volver a atenderos en un futuro prÃ³ximo."
"2025-04-27 21:53:40","Jose","4353845529","Excelente ","Aunque mi estancia fue breve, pero he de decir que el alojamiento estaba muy limpio, y cuidando mucho pequeños detalles de bienvenida que son de agradecer. El trato muy cordial y afable, muy recomendable. ","","9","10.0","10.0","10.0","10.0","10.0","10.0","Buenas Jose,agradeceros vuestras valoraciones y comentarios y esperamos que vuelvan pronto con más tiempo para disfrutar de nuestros alojamientos."
"2025-04-28 10:17:57","Cipriano","4616579564","Apartamento acogedor en Jerez ","La limpieza y la amplitud,, muy cómodo ","La ubicación, un poco alejado del centro ","9","7.5","10.0","7.5","7.5","10.0","0.0","Buenas Cipriano,gracias por su valoración y comentarios.Respecto al tema de la ubicación,los apartamentos se encuentran en pleno centro histórico de Jerez¿?¿?"
"2025-05-04 20:04:28","Macías Aguilar","4948043995","","Trato magnífico del personal. El apartamento estaba genial","Soy algo especial con los olores y me resultó muy fuerte el olor del ambientador. Entiendo que es algo personal ya que prefiero algo más neutro. Por lo demás, el apartamento, perfecto.","10","10.0","10.0","7.5","10.0","10.0","10.0","Buenas José María,muchas gracias por tus valoraciones y comentarios.Tendremos en cuenta lo del ambientador,aquí estamos para mejorar vuestra experiencia y por eso agradecemos los feedbacks.Esperamos volver a veros pronto y demostraros que aún os podemos sorprender."
"2025-05-08 18:19:51","Marco","4922808928","Non potevo chiedere di più","Posizione comoda, con la possibilità di parcheggiare gratuitamente poco distante e raggiungere il centro a piedi in 10/15 minuti. Organizzazione perfetta: tutte le istruzioni, molto dettagliate, ci sono state inviate (in italiano) in anticipo. Appartamento incantevole: spazioso, molto curato, davvero ottimo. Rapporto q/p assolutamente conveniente.","","10","10.0","10.0","10.0","7.5","10.0","10.0","Ciao Marco, grazie per il tuo commento e le tue valutazioni, anche se avremmo gradito che specificassi come potremmo migliorare le strutture e i servizi per ricevere una valutazione più alta. Offriamo Wi-Fi gratuito ad alta velocità, aria condizionata caldo/freddo, una smart TV con la piattaforma Filmin e altre app per guardare film e serie TV completamente gratis, una cucina completamente attrezzata, caffè e tè, pantofole, lavanderia... tutto gratuito. Cosa ti è mancato? Speriamo che torni presto. Grazie mille."
"2025-05-11 23:43:38","Sarah","4862334114","","Absolutely loved everything about our stay. The apartment was spacious, well appointed and in a peaceful location, within easy walking distance, to bars, restaurants and tourist attractions. Thoroughly recommend this place if you’re in Jerez. ","","10","10.0","10.0","10.0","10.0","10.0","10.0","Hi Sarah, we're very grateful for your comment and ratings. Come back soon, we'll be happy to help."
"2025-05-20 19:58:45","Jose Luis","4384206163","Bonito sitio para ver Jerez","la distribución, el aire fresco que entraba, que tuvieran calentador de agua y variedad de infusiones. La amabilidad del encargado. Lo nuevo y bonito que esta todo y que haya una terracita con sillas.","Las obras y las calles pedregosas, que no había donde colgar la toalla, para la cafetera no había descafeinado con leche.Los mirlos que anidad al lado, se ponen a silbar sin parar a las 6 de la mañana, dicen que es solo en primavera, pero  no me dejaron dormir.","8","10.0","7.5","7.5","10.0","7.5","7.5","Buenas José Luis,Gracias por sus valoraciones y comentarios."
"2025-05-22 11:40:34","Sarah","4820365105","Jerez, great stay ","Spotless, well equipped. ","Nothing really, all was excellent ","10","10.0","10.0","7.5","10.0","10.0","7.5","Hi Sarah, thank you for your comments and ratings.We hope you'll come back soon."
"2025-05-24 11:08:33","Monica","4577681431","","","","10","10.0","10.0","10.0","10.0","10.0","7.5",""
"2025-05-24 19:07:19","constant","4597572561","très bien","Très central, grand, des attentions à l'arrivée (vin, café....).","","10","10.0","10.0","10.0","10.0","10.0","10.0","Bonjour Constant, merci pour vos évaluations et commentaires. Nous espérons vous revoir bientôt."
"2025-05-25 13:02:19","","","","Allotjament molt net i els propietaris molt atents i amables. Un 10!!","","10","10.0","10.0","7.5","10.0","10.0","10.0","Bones, moltes gràcies per les vostres valoracions i comentaris.  Esperem tornin aviat"
"2025-05-26 00:20:56","angel","4490680430","","Todo en muy buenas condiciones ","La obra lo deja complicado para acceder","9","10.0","10.0","5.0","10.0","10.0","10.0","Buenas Ãngel,gracias por sus valoraciones y comentarios.Respecto a lo de la obra,con seguir las instrucciones que les mando no tienen problema."
"2025-06-01 16:42:34","Maria del Puerto","5378166328","Para repetir! ","Todo perfecto! La limpieza de 10, decorado con muy buen gusto y con detalles de bienvenida maravillosos! Repetiremos sin duda! ","","10","10.0","10.0","10.0","10.0","10.0","10.0","Buenas María del Puerto,muchas gracias por tus valoraciones y comentarios.Esperamos que volváis pronto y podáis disfrutar de Jerez y provincia."
"2025-06-15 15:51:02","Klaus","4728729769","Super!","sehr hübsches, gut ausgestattetes Apartment; gute Lage zu den Sehenswürdigkeiten in der Stadt. Kein FrühstückSherry als Gastgeschenk :-)Unkomplizierter Check in mit Code","-","10","7.5","10.0","10.0","10.0","10.0","10.0","Hallo Klaus, vielen Dank für deine Bewertungen und Kommentare, wir hoffen, du kommst bald wieder."
"2025-06-19 02:48:35","Amine","5357243730","Chambre spacieuse,propre et le propriétaire est gentil et très accueillant ","Propreté ","","9","10.0","10.0","10.0","10.0","10.0","10.0","Bonjour Amine, merci beaucoup pour vos notes et commentaires."
"2025-06-26 12:16:39","Isabel","6446084759","Súper recomendable","Todo","Nada","10","10.0","10.0","10.0","10.0","10.0","10.0","Buenas Isabel,muchas gracias por vuestras valoraciones y comentarios.Quedamos a las espera de que vuelvan para atenderles como se merecen y que se sientan como en casa."
"2025-07-04 19:12:51","Mª Eugenia","5913680237","","Todo nuevo y muy limpio. Cama cómoda.Muy bien equipado.Varios detalles de bienvenida. Sábanas y toallas blancas impolutas. Muy céntrico.Fácil aparcamiento.Solo tuvimos un pequeño problema que los dueños solucionaron rápidamente, incluso por la noche están pendientes del teléfono para cualquier percance. Muy amables, repetiré sin duda alguna. ","","8","10.0","10.0","10.0","10.0","10.0","10.0","Buenas María Eugenia,muchas gracias por sus comentarios y valoraciones.Estaremos encantados de poder volver a atenderles"
"2025-07-06 21:08:47","Nardy","6985436508","","Todo los detalles ,todo muy bonito y atentos ","","10","10.0","10.0","10.0","10.0","10.0","10.0","Buenas Nardy,gracias por sus valoraciones y comentarios.Esperamos que vuelvan pronto."
"2025-07-09 18:40:32","VIRGINIE","5925040107","","Logement au-delà de mes attentes pour un prix imbattable.C'est très grand, très propre, neuf et très confortable.Accueil parfait avec des surprises de bienvenue et une très bonne communication.Il y a des options de parking à proximité.5/10 minutes du centre historique à pieds.","Il n'y a absolument rien à dire.Bravo!","10","10.0","10.0","7.5","10.0","10.0","10.0","Bonjour Virginie, merci pour vos notes et commentaires. À bientôt !"
"2025-07-25 14:47:18","Lorena","5859628137","","","","8","10.0","7.5","7.5","7.5","7.5","5.0",""
"2025-08-06 22:04:16","Alfonso","4451881767","","Me gustÃ³ el espacio ","La hora de salida ","7","7.5","7.5","10.0","7.5","10.0","7.5","Buenas Alfonso,gracias por su valoraciÃ³n y comentarios, esperamos que vuelvan pronto."
"2025-08-11 20:22:41","Philipp Kirchheim","6870976006","CUIDADO - Alojamiento que no da servicios esenciales, pero cobra toda la estancia - sin escrúpulos","","Habíamos reservado una estancia de un única noche para ir a ver un concierto en Jerez, después poder descansar bien y salir durante la mañana del día siguiente. El alojamiento nos comunicó 2 horas antes de nuestra planificada llegada que no habría agua durante toda la mañana de nuestra estancia. Es un servicio básico y esencial de un alojamiento de pago ofrecer un baño en funcionamiento, el poder ducharse, asearse, ir la baño etc. por la mañana.Llamamos de forma inmediata, pero el anfitrión no le vio ningún problema a que no habría agua ""durante un par de horas"" y dijo que si queríamos ducharnos que ""nos levantáramos antes"". Todo dicho de mala manera y cero empatía o comprensión, sin ofrecer alternativa alguna. Obviamente hemos tenido que cancelar la noche, se comprenderá que no nos apetecía meternos en un alojamiento precario ...Nos ha cobrado lanoche entera, vamos a tener que reclamarlo por vía judicial.Booking no nos ayudó tampoco, muchas palabras bonitas, pero al final no han hecho absolutamente nada. Decían que tendríamos que ir y si luego no habría agua, reclamar, por si habría una compensación.No voy a reserva más en Booking, cuando necesitas algo, te dejan caer a la primera ...Muy mala experiencia.","1","2.5","","","","","","Buenas Philipp,El alojamiento da todos los servicios y más y no lo digo yo sino los cientos de huéspedes que han pasado por ellos.Como le dije amablemente,  que por motivos ajenos a nosotros,una obra pública,cortasen el suministro de agua durante solo 2 horas de su estancia no considerábamos que fuese motivo para la cancelación gratuita que nos solicitaba.Por cierto, al final no hubo ningún corte de agua como pueden constatar los huéspedes de los otros 2 apartamentos que tenemos en el mismo edificio.Lamento que no tuviese Ud. la comprensión y empatía que nos reclama."
"2025-08-12 21:04:52","Victoria","5433000318","Como en casa","Nuestra experiencia ha sido magnífica, no tenemos pega alguna. El apartamento tiene de todo (nosotros estuvimos 4 noches y no echamos nada en falta). Es coqueto, está diseñado de una forma muy aprovechada y práctica y decorado con mucho gusto. La limpieza impecable, como pocas he visto, el trato de maravilla. Destaco la cama (espectacular), los detalles tan agradecidos que dejan para los huéspedes y lo bien que olía todo. Volveremos y recomendaremos, seguro. ","¡Nada!","10","10.0","10.0","10.0","10.0","10.0","10.0","Muchas gracias Victoria,por sus valoraciones y comentarios, por su comprensión y por su buen estar.Muchas gracias de parte del equipo que prepara el apartamento por como llo habéis dejado un 10 para vosotros.Esperamos volver a veros pronto."
"2025-08-12 21:15:12","Sergio","6167238741","Angel the host was extremely prompt in giving information when asked for.. the welcoming sherry was a extremely generous","The cleanliness , attention to detail , spotless everything had been thought of for comfort and amenities ","Not applicable ","10","10.0","10.0","10.0","10.0","10.0","10.0","Hello Sergio and Margarita, thank you very much for your comments and ratings, which show us we're on the right track. If you come back to Jerez we will be happy to assist you."
"2025-08-13 21:02:27","Sandra","6684164356","REPETIRÉ SIN DUDARLO","Absolutamente todo, la limpieza, la decoración, lo nuevo que está todo, la cantidad de detalles que tienen los anfitriones con los huéspedes. Espectacular. ","","10","10.0","10.0","10.0","10.0","10.0","10.0","Buenas Sandra,muchas gracias por vuestras valoraciones y comentarios y sobretodo por las palabras que nos dirigiste a vuestra salida.Esperamos volver a veros pronto."